id,first_name,age,dob,salary,dept
1,Donn,81,1/23/2021,54,furl.net
2,Wat,33,10/24/2020,70,ovh.net
3,Penelopa,35,4/26/2021,14,merriam-webster.com
4,Darren,32,4/26/2021,42,gnu.org
5,Emlynn,12,7/24/2020,51,hugedomains.com
6,Cyrus,20,12/18/2020,82,usa.gov
7,Emmery,85,10/21/2020,93,netscape.com
8,Gabbie,91,6/18/2020,35,ox.ac.uk
9,Mercy,42,12/22/2020,81,europa.eu
10,Teirtza,36,3/18/2021,24,edublogs.org
11,Ethel,99,3/30/2021,83,icq.com
12,Devinne,8,1/12/2021,98,php.net
13,Georgeanna,78,2/10/2021,20,vimeo.com
14,Durand,9,10/17/2020,21,house.gov
15,Hyacinthia,66,8/5/2020,100,hexun.com
16,Shauna,64,10/19/2020,63,hp.com
17,Robbie,59,4/26/2021,55,skyrock.com
18,Terese,34,12/15/2020,46,census.gov
19,Ware,84,11/28/2020,36,unicef.org
20,Stacia,8,1/6/2021,87,google.nl
21,Iggy,6,3/3/2021,53,multiply.com
22,Lucretia,12,11/3/2020,55,so-net.ne.jp
23,Floris,39,4/30/2021,20,newyorker.com
24,Nicol,61,9/9/2020,10,live.com
25,Trumann,58,9/24/2020,84,vimeo.com
26,Ingra,49,3/5/2021,34,naver.com
27,Ralina,82,3/18/2021,73,sfgate.com
28,Heinrik,23,3/30/2021,45,gizmodo.com
29,Gregorio,92,1/31/2021,94,shutterfly.com
30,Herminia,44,1/23/2021,18,ed.gov
31,Otis,35,7/22/2020,15,about.me
32,Arron,94,6/24/2020,54,hubpages.com
33,Sasha,6,4/20/2021,5,infoseek.co.jp
34,Ingaborg,34,2/2/2021,27,pen.io
35,Tobin,71,10/6/2020,52,toplist.cz
36,Idette,83,3/29/2021,49,arizona.edu
37,Ricki,7,10/10/2020,90,nhs.uk
38,Jarvis,5,4/4/2021,6,tuttocitta.it
39,Sherwin,34,12/21/2020,87,imdb.com
40,West,67,3/8/2021,69,meetup.com
41,Phillida,7,6/27/2020,3,bloglovin.com
42,Drusilla,14,5/18/2021,11,census.gov
43,Sophie,35,9/25/2020,2,spiegel.de
44,Tonie,53,7/22/2020,90,unc.edu
45,Haze,58,2/11/2021,97,opensource.org
46,Gannon,99,4/25/2021,45,home.pl
47,Elsworth,79,2/14/2021,74,yandex.ru
48,Heath,30,5/2/2021,60,tamu.edu
49,Matelda,17,12/2/2020,3,usatoday.com
50,Gleda,38,4/4/2021,59,google.co.uk
51,Oran,71,11/14/2020,60,canalblog.com
52,Garreth,51,8/12/2020,42,vk.com
53,Warner,30,1/3/2021,25,fema.gov
54,Livy,11,8/7/2020,77,seesaa.net
55,Claudelle,100,8/31/2020,45,reddit.com
56,Gilda,40,2/14/2021,55,nydailynews.com
57,Ferdy,28,9/7/2020,93,huffingtonpost.com
58,Bartholomew,57,10/1/2020,87,studiopress.com
59,Thorstein,8,9/26/2020,65,oakley.com
60,Joel,26,11/4/2020,19,eepurl.com
61,Casey,45,3/25/2021,64,free.fr
62,Toinette,10,12/29/2020,66,earthlink.net
63,Brocky,92,4/12/2021,32,istockphoto.com
64,Isa,32,5/30/2021,16,angelfire.com
65,Terrill,11,2/9/2021,40,mozilla.org
66,Tess,67,1/20/2021,88,adobe.com
67,Jamill,17,1/15/2021,22,xinhuanet.com
68,Constantine,13,1/23/2021,12,cisco.com
69,Vittorio,35,7/17/2020,27,who.int
70,Gratia,68,4/19/2021,89,ibm.com
71,Whitney,45,7/11/2020,52,geocities.jp
72,Wilburt,61,9/14/2020,81,fema.gov
73,Kittie,25,9/9/2020,1,businessinsider.com
74,Hatti,15,6/21/2020,95,reverbnation.com
75,Donetta,54,11/8/2020,79,typepad.com
76,Graig,12,6/15/2020,78,tamu.edu
77,Lesly,72,11/15/2020,40,google.cn
78,Anya,26,8/30/2020,65,amazonaws.com
79,Pip,15,9/1/2020,23,ifeng.com
80,Sutherlan,5,7/22/2020,59,apache.org
81,Krishna,74,10/4/2020,58,harvard.edu
82,Calhoun,11,4/11/2021,11,mlb.com
83,Jerrie,78,1/16/2021,27,unblog.fr
84,Dennis,87,4/6/2021,30,omniture.com
85,Corrie,50,1/29/2021,43,parallels.com
86,Merlina,84,7/3/2020,25,t-online.de
87,Normie,23,2/1/2021,17,yellowbook.com
88,Brock,93,2/15/2021,39,google.com.hk
89,Michal,10,3/4/2021,92,walmart.com
90,Fanechka,31,8/26/2020,16,gov.uk
91,Freemon,98,7/30/2020,10,timesonline.co.uk
92,Rozella,95,8/10/2020,75,nyu.edu
93,Benedicta,28,2/8/2021,28,flickr.com
94,Erhart,26,2/18/2021,28,ezinearticles.com
95,Dwight,71,6/10/2020,71,forbes.com
96,Farris,48,5/6/2021,21,hubpages.com
97,Nathaniel,17,1/4/2021,38,kickstarter.com
98,Lira,29,2/27/2021,48,theguardian.com
99,Elfreda,13,8/11/2020,97,qq.com
100,Norry,58,7/6/2020,81,feedburner.com
101,Zechariah,96,5/1/2021,96,zimbio.com
102,Hilde,97,5/31/2021,80,sciencedirect.com
103,Chad,98,5/14/2021,79,about.me
104,Manny,43,1/22/2021,34,dell.com
105,Denys,50,1/27/2021,17,cnbc.com
106,Joshuah,40,5/6/2021,62,youtube.com
107,Wolf,67,3/31/2021,11,vinaora.com
108,Maurise,1,10/9/2020,56,example.com
109,Nina,27,11/29/2020,95,list-manage.com
110,Miguelita,69,8/6/2020,68,arstechnica.com
111,Beauregard,12,10/4/2020,37,wunderground.com
112,Mercedes,87,8/10/2020,58,wisc.edu
113,Jami,7,6/17/2020,18,a8.net
114,Hartwell,51,9/5/2020,100,bing.com
115,Nollie,26,8/10/2020,37,chicagotribune.com
116,Jarrett,49,3/26/2021,50,yale.edu
117,Gina,29,12/4/2020,1,ovh.net
118,Corty,22,7/16/2020,26,usa.gov
119,Gabe,13,11/13/2020,51,ezinearticles.com
120,Jolynn,18,8/28/2020,82,angelfire.com
121,Raymund,40,8/18/2020,42,is.gd
122,Jada,98,10/21/2020,81,miitbeian.gov.cn
123,Sharyl,82,12/15/2020,66,goodreads.com
124,Cosimo,75,3/10/2021,75,posterous.com
125,Mirilla,40,6/7/2020,64,mayoclinic.com
126,Kate,31,3/24/2021,76,printfriendly.com
127,Jojo,100,11/16/2020,7,sfgate.com
128,Rora,72,8/23/2020,25,desdev.cn
129,Mathian,17,1/25/2021,15,state.gov
130,Quintus,69,6/9/2020,70,cdc.gov
131,Flossy,31,10/24/2020,74,hexun.com
132,Angel,95,7/1/2020,59,prweb.com
133,Charmane,28,5/26/2021,52,dmoz.org
134,Almire,50,1/1/2021,92,1und1.de
135,Jenine,2,1/31/2021,56,baidu.com
136,Teador,14,6/27/2020,95,dropbox.com
137,Marris,7,4/16/2021,10,mozilla.com
138,Guillermo,31,5/1/2021,67,indiegogo.com
139,Salomi,34,4/19/2021,26,tuttocitta.it
140,Marris,22,8/27/2020,65,vinaora.com
141,Ileane,5,9/17/2020,33,netscape.com
142,Margarita,12,8/1/2020,74,ft.com
143,Bobbee,90,1/15/2021,54,shareasale.com
144,Alex,19,5/2/2021,25,simplemachines.org
145,Damon,27,6/25/2020,64,stanford.edu
146,Eamon,14,9/20/2020,1,telegraph.co.uk
147,Hubert,63,12/10/2020,10,google.cn
148,Kata,7,2/15/2021,77,slate.com
149,Tiebold,70,11/28/2020,1,pinterest.com
150,Nissie,58,8/28/2020,72,plala.or.jp
151,Felicia,94,9/7/2020,54,google.com
152,Merle,57,11/6/2020,77,digg.com
153,Ab,20,3/15/2021,31,deliciousdays.com
154,Johannes,45,1/23/2021,6,slashdot.org
155,Brantley,17,8/17/2020,24,woothemes.com
156,Shep,13,6/4/2021,38,mysql.com
157,Caprice,56,3/17/2021,4,chron.com
158,Quentin,34,2/21/2021,94,unc.edu
159,Stanly,39,11/28/2020,19,nsw.gov.au
160,Oriana,41,9/1/2020,95,prlog.org
161,Alisun,70,4/28/2021,89,xinhuanet.com
162,Hal,88,9/6/2020,62,odnoklassniki.ru
163,Yorgo,7,6/11/2020,59,bbc.co.uk
164,Charmian,97,2/2/2021,31,booking.com
165,Maryellen,97,12/31/2020,2,biblegateway.com
166,Tripp,7,12/15/2020,89,cdbaby.com
167,Orren,66,9/9/2020,49,cnet.com
168,Barthel,69,7/19/2020,96,qq.com
169,Joye,78,5/3/2021,41,redcross.org
170,Marna,62,5/15/2021,84,theguardian.com
171,Glynnis,7,3/26/2021,92,angelfire.com
172,Flori,21,8/27/2020,70,constantcontact.com
173,Elfreda,94,11/20/2020,29,google.de
174,Burt,67,1/15/2021,55,wisc.edu
175,Moselle,58,3/31/2021,92,go.com
176,Christyna,11,11/3/2020,35,guardian.co.uk
177,Nettie,10,3/28/2021,47,sphinn.com
178,Conny,76,11/29/2020,27,seattletimes.com
179,Deeyn,32,4/7/2021,48,mashable.com
180,Maurise,92,10/4/2020,87,smugmug.com
181,Stephanie,20,11/1/2020,24,slashdot.org
182,Garrik,39,10/22/2020,58,acquirethisname.com
183,Vin,60,2/5/2021,98,smh.com.au
184,Jesselyn,13,3/5/2021,53,rakuten.co.jp
185,Doyle,72,7/2/2020,58,jalbum.net
186,Florian,12,5/15/2021,4,wisc.edu
187,Chrissie,51,4/17/2021,41,sun.com
188,Zane,6,3/23/2021,5,census.gov
189,Sarina,33,10/28/2020,21,hatena.ne.jp
190,Elnore,24,4/16/2021,82,deliciousdays.com
191,Rosana,76,11/14/2020,95,latimes.com
192,Blakelee,22,12/15/2020,78,yahoo.co.jp
193,Sascha,94,5/21/2021,50,tumblr.com
194,Whitney,92,3/1/2021,99,adobe.com
195,Eliot,59,11/17/2020,82,51.la
196,Cherish,11,2/9/2021,66,artisteer.com
197,Kiele,12,3/30/2021,37,howstuffworks.com
198,Ida,65,10/26/2020,25,amazon.co.uk
199,Adrien,69,4/20/2021,36,mit.edu
200,Adham,41,3/7/2021,35,shop-pro.jp
201,Thurston,43,3/4/2021,53,discovery.com
202,Millard,13,12/24/2020,75,naver.com
203,Violette,76,6/4/2021,47,ocn.ne.jp
204,Milzie,2,9/23/2020,20,instagram.com
205,Marris,64,10/14/2020,30,paginegialle.it
206,Hubert,39,7/17/2020,77,about.com
207,Taber,51,11/28/2020,86,delicious.com
208,Benedetto,68,11/27/2020,7,yahoo.co.jp
209,Gannon,90,12/24/2020,31,phoca.cz
210,Amaleta,13,2/19/2021,72,hp.com
211,Dody,55,7/23/2020,72,sitemeter.com
212,Geraldine,70,5/19/2021,68,mail.ru
213,Wrennie,49,7/24/2020,57,parallels.com
214,Christalle,88,5/15/2021,41,last.fm
215,Rebekkah,71,1/9/2021,26,mediafire.com
216,Judie,63,4/4/2021,9,mayoclinic.com
217,Torie,44,8/29/2020,37,drupal.org
218,Nikolai,15,11/8/2020,10,plala.or.jp
219,Barby,44,1/13/2021,95,quantcast.com
220,Friederike,93,10/11/2020,12,geocities.com
221,Isabeau,18,5/17/2021,97,youtu.be
222,Christye,92,5/16/2021,81,nbcnews.com
223,Ruperta,16,1/18/2021,79,biblegateway.com
224,Karita,47,3/22/2021,27,furl.net
225,Florence,87,3/26/2021,83,webmd.com
226,Vincenz,34,4/24/2021,52,networkadvertising.org
227,Nari,16,12/30/2020,61,pen.io
228,Coleen,58,12/23/2020,85,newyorker.com
229,Dora,77,5/31/2021,42,netscape.com
230,Kettie,50,5/18/2021,14,addthis.com
231,Teodoro,13,7/4/2020,93,discovery.com
232,Dorotea,81,9/11/2020,57,disqus.com
233,Augusta,53,1/30/2021,25,gov.uk
234,Reagen,70,5/30/2021,56,storify.com
235,Dene,25,2/16/2021,43,yahoo.co.jp
236,Lammond,59,6/7/2020,85,chicagotribune.com
237,Nollie,79,7/25/2020,40,domainmarket.com
238,Freddy,47,2/16/2021,82,google.es
239,Elmira,58,6/3/2021,91,apple.com
240,Ryan,18,7/21/2020,89,tripadvisor.com
241,Thornie,57,11/28/2020,58,youtube.com
242,Joey,71,3/20/2021,76,unc.edu
243,Sigfrid,57,10/6/2020,6,discuz.net
244,Lemmie,36,11/6/2020,8,answers.com
245,Vivian,86,2/13/2021,99,ucoz.com
246,Jacquelin,26,7/17/2020,8,github.com
247,Myron,63,6/30/2020,100,usgs.gov
248,Rikki,3,3/18/2021,89,flavors.me
249,Isobel,83,1/27/2021,88,hugedomains.com
250,Carce,87,5/2/2021,49,npr.org
251,Afton,7,11/1/2020,84,europa.eu
252,Eugenia,65,8/24/2020,97,businessinsider.com
253,Susanetta,28,11/5/2020,15,state.gov
254,Say,26,4/23/2021,99,myspace.com
255,Arluene,51,5/25/2021,59,symantec.com
256,Ariella,15,2/22/2021,73,comsenz.com
257,Kimball,25,5/9/2021,27,usa.gov
258,Denis,33,4/23/2021,64,chicagotribune.com
259,Eward,69,11/5/2020,79,princeton.edu
260,Gery,92,8/3/2020,15,delicious.com
261,Bartlet,14,1/19/2021,9,slate.com
262,Freeman,45,11/24/2020,77,exblog.jp
263,Appolonia,74,11/5/2020,21,youku.com
264,Tanya,94,5/25/2021,32,over-blog.com
265,Ilene,83,8/8/2020,34,baidu.com
266,Rachelle,12,3/28/2021,88,sphinn.com
267,Ronnie,42,12/24/2020,14,g.co
268,Ofella,9,12/8/2020,83,jimdo.com
269,Gayelord,71,1/26/2021,95,arstechnica.com
270,Carmita,35,5/5/2021,74,theglobeandmail.com
271,Karisa,24,4/16/2021,23,angelfire.com
272,Fern,82,6/17/2020,62,omniture.com
273,Brucie,99,6/25/2020,30,cnbc.com
274,Jodie,66,9/6/2020,10,vkontakte.ru
275,Corenda,41,10/17/2020,73,census.gov
276,Delmore,69,9/17/2020,42,webnode.com
277,Rochelle,58,4/26/2021,22,mozilla.com
278,Garfield,78,7/5/2020,10,seesaa.net
279,Ange,84,8/28/2020,36,ehow.com
280,Lorettalorna,1,6/14/2020,4,zdnet.com
281,Fernandina,16,11/11/2020,46,ifeng.com
282,Cort,30,7/31/2020,61,istockphoto.com
283,Winnie,80,12/22/2020,3,technorati.com
284,Manda,81,1/28/2021,59,angelfire.com
285,Burch,44,11/20/2020,32,com.com
286,Gannon,68,7/22/2020,62,independent.co.uk
287,Lorita,57,10/30/2020,27,springer.com
288,Giovanna,80,1/25/2021,77,cdbaby.com
289,Joelynn,56,10/27/2020,48,chicagotribune.com
290,Mel,23,5/6/2021,2,dyndns.org
291,Emmett,33,11/7/2020,21,cornell.edu
292,Mirna,78,9/6/2020,94,berkeley.edu
293,Jenifer,59,10/22/2020,57,ftc.gov
294,Desiree,26,6/24/2020,40,tumblr.com
295,Lena,75,9/29/2020,52,ftc.gov
296,Sada,86,4/10/2021,21,tuttocitta.it
297,Tybie,87,8/28/2020,84,about.com
298,Christean,79,8/11/2020,75,ft.com
299,Humberto,32,11/11/2020,89,weather.com
300,Ives,67,7/14/2020,90,unc.edu